danceability,energy,loudness,tempo,valence,cluster,PCA1,PCA2
0.786,0.667,-8.272,102.046,0.688,1,0.8805673237634055,1.3004244707772743
0.571,0.739,-11.163,93.105,0.818,1,0.3893746046731361,1.092849095419578
0.286,0.929,-8.494,99.762,0.127,0,-0.6937440107912854,-1.5859866369622797
0.725,0.607,-7.486,129.971,0.57,1,0.5479650733986705,0.5079291215877905
0.184,0.161,-18.261,86.351,0.087,0,-4.021617244341047,0.18855276196888415
0.886,0.708,-5.915,109.976,0.965,1,2.0072238164539926,1.7196467280917747
0.808,0.697,-5.899,95.06,0.554,1,1.056395122853961,1.0223632562018925
0.716,0.562,-8.741,105.004,0.533,1,0.1539030925922528,0.9718215522227579
0.431,0.829,-7.713,131.891,0.356,0,-0.026598702023428823,-1.1424481457577407
0.616,0.233,-12.894,93.995,0.407,0,-1.5980074854427522,1.4493886273835639
0.528,0.325,-12.501,83.651,0.0412,0,-2.201987021587753,0.535332061670857
0.232,0.235,-14.975,113.492,0.0973,0,-3.2539275405104435,-0.43224050750860143
0.17,0.0371,-26.981,83.567,0.0397,0,-5.5431657168617745,0.9639170757452367
0.634,0.775,-6.943,84.972,0.653,1,0.8540413471047623,0.7588519165665153
0.819,0.696,-8.536,120.274,0.948,1,1.4777091624166148,1.537705676889311
0.551,0.625,-6.375,131.319,0.367,1,-0.023245546844179708,-0.5176256835367714
0.461,0.933,-8.366,139.982,0.12,0,-0.20471986947747528,-1.6920132981280276
0.436,0.0695,-19.735,97.128,0.255,0,-3.5237604801283435,1.353630700051513
0.447,0.85,-4.303,84.806,0.486,1,0.6391314409832664,-0.4283698039035186
0.429,0.535,-11.043,81.182,0.926,1,-0.2176768007177669,1.3309607287093819
0.623,0.758,-6.791,124.024,0.196,1,0.07803525495392488,-0.6486326982411872
0.609,0.518,-6.692,130.016,0.406,1,-0.10720648062171305,-0.05585124813284189
0.898,0.435,-8.834,115.034,0.836,1,0.8227608140273489,2.110877348340218
0.303,0.187,-12.192,86.147,0.0477,0,-2.978264693372467,-0.0032544173846603764
0.299,0.337,-17.328,159.072,0.396,0,-2.563705843496013,-0.40555726880890935
0.236,0.499,-12.763,98.581,0.0757,0,-2.4258884784952803,-0.8089643581309108
0.936,0.693,-5.298,126.036,0.611,1,1.575338743911692,0.9990302118016494
0.423,0.372,-10.938,149.737,0.114,0,-1.8895492587593972,-0.8920991761423683
0.592,0.901,-5.554,109.902,0.62,1,1.208828894919156,-0.12193927843953753
0.564,0.763,-7.544,83.959,0.865,1,0.9585148202810143,0.981439618551957
0.482,0.721,-6.839,95.263,0.557,1,0.24459193580325284,0.035577975635645395
0.678,0.656,-6.41,123.207,0.485,1,0.5277619349619205,0.16196800719284268
0.542,0.927,-3.971,135.002,0.369,1,0.9607369834159645,-1.2591590229952476
0.641,0.617,-7.411,139.942,0.941,1,1.0557931186490042,0.7008001088049585
0.498,0.83,-5.157,89.342,0.453,1,0.5518239934318258,-0.2991505922491209
0.373,0.856,-7.503,151.733,0.402,0,0.044540909651787336,-1.6135463168620148
0.579,0.224,-13.55,124.035,0.15,0,-2.1847973458971963,0.490689625319906
0.295,0.402,-10.493,149.525,0.069,0,-2.138578942058921,-1.4480058552576993
0.553,0.846,-5.146,95.046,0.488,1,0.7880183098971687,-0.18198729459350588
0.683,0.643,-7.425,107.027,0.771,1,0.8521345173297757,1.0152533730556312
0.185,0.779,-4.295,159.076,0.263,0,-0.3822348551497202,-2.676015170477172
0.782,0.697,-5.85,76.031,0.416,1,0.72628406333737,0.9981641026527843
0.759,0.843,-3.718,105.016,0.56,1,1.583625867706827,0.32788217389785085
0.929,0.439,-9.199,112.054,0.763,1,0.7229212446793883,2.151274786078926
0.398,0.023,-32.806,130.112,0.173,0,-5.480025922987372,1.6446386048395893
0.649,0.656,-7.244,150.039,0.399,1,0.25128986807791054,-0.43059792002610775
0.765,0.833,-5.162,126.422,0.837,1,1.9140026021487238,0.6110471225355892
0.481,0.59,-7.145,175.788,0.454,0,-0.13005710468236142,-1.1678963739215131
0.404,0.918,-5.593,144.332,0.523,1,0.7010698615355854,-1.4372639261293492
0.191,0.978,-3.395,155.759,0.269,0,0.20364561301095108,-2.9779038894315857
0.601,0.9,-6.781,127.014,0.0394,0,0.08167376818604362,-1.2565365481927635
0.148,0.00377,-40.046,81.078,0.239,0,-7.00219316868695,2.3165794301413274
0.78,0.725,-6.032,100.92,0.431,1,0.8330929356227409,0.5992195932556695
0.613,0.339,-14.908,106.582,0.292,0,-1.8019686108048314,1.0327620613027073
0.591,0.389,-12.146,79.96,0.581,1,-0.9252365017074023,1.5834541084887523
0.634,0.506,-5.882,124.003,0.244,0,-0.2679611918301301,-0.20263917014505847
0.704,0.587,-8.652,175.454,0.592,1,0.4250328174881217,-0.10912587305700026
0.647,0.816,-4.824,119.826,0.725,1,1.4384486295014771,0.1540075210777532
0.697,0.519,-9.324,112.247,0.871,1,0.5438157776529698,1.488278573244707
0.636,0.516,-9.945,77.883,0.472,1,-0.44549023270993543,1.2034438697383607
0.582,0.749,-6.841,151.025,0.866,1,1.1811749149793165,-0.0366059485818514
0.32,0.932,-5.221,119.516,0.0814,0,-0.23264286128896078,-2.117790075359527
0.804,0.745,-5.805,95.024,0.512,1,1.0944850877725247,0.8557512464851598
0.544,0.411,-10.106,139.948,0.422,0,-0.8924449382228579,0.040687868736039884
0.622,0.318,-16.183,124.938,0.508,0,-1.580504460188424,1.2733398284116715
0.898,0.351,-13.396,139.968,0.682,1,-0.17918034779519912,1.9380084180753803
0.238,0.311,-7.547,87.389,0.0559,0,-2.2332717616107365,-0.760330558339281
0.668,0.522,-7.42,107.979,0.718,1,0.4521316292809108,1.053753204543363
0.813,0.81,-5.382,93.005,0.632,1,1.524109803514375,0.9854404104667834
0.273,0.617,-6.884,96.271,0.181,0,-1.1370024804098167,-1.1092523632614446
0.755,0.792,-4.238,106.015,0.842,1,1.888492629037037,0.900968010195451
0.457,0.451,-8.009,149.956,0.307,0,-0.9165392064966561,-0.8063685860864213
0.532,0.358,-11.136,90.475,0.449,0,-1.2145674801525896,0.9818284918207982
0.512,0.77,-5.796,87.856,0.551,1,0.5350632117847739,0.07834912038540576
0.503,0.582,-4.324,77.321,0.326,1,-0.13742292324600033,0.01583603127888438
0.804,0.786,-3.837,91.992,0.575,1,1.5454317265347404,0.7965789916262991
0.632,0.804,-6.288,155.979,0.79,1,1.3678755537049292,-0.21553687505672323
0.304,0.305,-10.879,146.066,0.464,0,-1.7007449483339874,-0.5093495389217896
0.532,0.342,-8.153,199.743,0.239,0,-1.039298039240943,-1.279921891975446
0.546,0.17,-15.055,130.07,0.135,0,-2.59219709065914,0.4669688919281937
0.598,0.537,-8.281,131.955,0.397,0,-0.30577498730135266,-0.04551001596538971
0.417,0.882,-4.319,174.015,0.449,1,0.7365506360599056,-2.0249720385954677
0.819,0.897,-3.633,116.019,0.805,1,2.3052281685927967,0.670848769017938
0.7,0.38,-9.746,85.878,0.441,1,-0.6212914874136017,1.4264143973434915
0.684,0.808,-2.737,173.905,0.712,1,1.8482733158860314,-0.7403587698399087
0.468,0.104,-14.49,95.852,0.453,0,-2.3529000779223623,1.3597148016964298
0.209,0.277,-11.054,75.84,0.0554,0,-2.8494087816083837,-0.352654680690584
0.684,0.216,-15.894,133.186,0.26,0,-2.0525020406367753,1.0552677322937636
0.744,0.576,-6.613,84.08,0.849,1,1.0403319209886344,1.7414832133852873
0.62,0.468,-7.492,149.855,0.646,1,0.15880351482256536,0.21866524729371598
0.715,0.404,-9.706,104.438,0.709,1,-0.023302690729391604,1.6006029316958283
0.728,0.695,-9.058,120.932,0.836,1,1.003340810610667,1.092175834871384
0.752,0.445,-12.725,106.283,0.964,1,0.21817322183229437,2.2869962814409304
0.576,0.869,-4.339,92.538,0.746,1,1.4451350874145603,0.2719565289980597
0.354,0.979,-4.907,180.052,0.0908,0,0.11842317601966817,-3.0364885996621465
0.51,0.702,-5.117,141.904,0.276,0,0.07809305083540559,-1.1833805887116293
0.179,0.912,-3.881,182.99,0.289,0,0.047896355360007685,-3.264603474375483
0.299,0.937,-4.657,170.775,0.225,0,0.14719090725719736,-2.7879528960554794
0.416,0.741,-4.001,160.515,0.286,0,0.1444867984910676,-1.8972122739980815
0.873,0.592,-5.788,113.947,0.265,1,0.508870994295552,0.5961854069466891
0.416,0.231,-16.997,114.603,0.288,0,-2.762028723531464,0.6122789050235943
0.709,0.56,-4.867,170.082,0.541,1,0.762149432642366,-0.34094824577120364
0.287,0.482,-9.074,122.567,0.399,0,-1.2625900126958722,-0.7238470072801342
0.149,0.243,-13.188,174.451,0.215,0,-2.8810438706907804,-1.5895471014168656
0.463,0.334,-10.853,143.978,0.375,0,-1.4251096753991257,-0.17798622637102923
0.612,0.938,-4.972,136.041,0.526,1,1.2958596281967794,-0.7295044115735223
0.386,0.128,-16.273,66.187,0.363,0,-2.9277740256004656,1.5085005677003094
0.359,0.87,-11.567,186.046,0.264,0,-0.6581586920443196,-2.1417288387205793
0.802,0.771,-6.179,171.113,0.634,1,1.4521949109780752,-0.1407012133134625
0.803,0.196,-13.397,95.13,0.381,0,-1.3593013020779359,2.0701872801960257
0.691,0.587,-4.379,110.029,0.275,1,0.26956449351980377,0.004825487764167775
0.456,0.281,-12.202,110.009,0.259,0,-1.9996733541357417,0.3174041841469435
0.189,0.0966,-20.224,171.235,0.0573,0,-4.307503475223124,-0.9186090616610889
0.759,0.711,-5.199,111.902,0.436,1,0.8884661337742131,0.32978369676260805
0.37,0.158,-13.782,124.804,0.545,0,-2.1515079376677293,0.6193526887440531
0.765,0.816,-3.99,89.005,0.624,1,1.5846461135124879,0.7686607768079057
0.564,0.407,-10.764,150.261,0.524,0,-0.7423498580968664,0.17293097202294871
0.381,0.981,-2.458,152.886,0.463,1,1.1038913759936244,-2.082165063649754
0.439,0.739,-7.746,138.986,0.308,0,-0.2882303220810386,-1.1651289147113815
0.343,0.959,-3.119,138.377,0.229,0,0.4446629567599464,-2.289666070905568
0.658,0.621,-7.506,92.025,0.613,1,0.4298345222050683,0.9419238548522741
0.172,0.943,-4.377,165.144,0.15,0,-0.23764706882288997,-3.2570530703074163
0.566,0.419,-7.661,147.881,0.186,0,-0.9094296519569618,-0.6145923965219637
0.487,0.298,-15.225,124.332,0.457,0,-1.9045692563572916,0.7315112063454704
0.409,0.701,-7.124,195.878,0.553,0,0.16876711183981827,-1.7147082001775067
0.706,0.52,-7.496,108.999,0.354,1,-0.11155308573950369,0.5447833139776488
0.58,0.702,-5.565,105.076,0.299,1,0.15581462538446614,-0.3168647763274823
0.747,0.876,-7.028,123.47,0.935,1,1.8971879143024875,0.8413116193095451
0.65,0.715,-5.198,106.672,0.187,1,0.20010217363868624,-0.361743201175489
0.617,0.902,-3.969,119.986,0.353,1,1.0218894028044918,-0.7779964414970432
0.424,0.451,-7.874,139.972,0.136,0,-1.2933375654926718,-1.05628252730604
0.847,0.551,-9.335,110.0,0.614,1,0.5056617681962949,1.5052911891414231
0.437,0.557,-8.487,161.412,0.683,1,-0.102789009499774,-0.5372273443439212
0.394,0.873,-7.097,147.806,0.25,0,-0.09014734035439786,-1.803518615373025
0.694,0.442,-9.519,110.104,0.639,1,-0.07400775250475984,1.252817142351501
0.675,0.786,-7.282,169.993,0.924,1,1.5588561975704005,0.03333316669920797
0.545,0.962,-4.552,160.017,0.539,1,1.3159596823174493,-1.3607210634417475
0.591,0.595,-6.454,118.724,0.726,1,0.5979536827333183,0.47002255822377165
0.781,0.58,-6.11,179.96,0.592,1,0.9211585187005992,-0.1195128762557967
0.483,0.997,-4.142,103.784,0.214,1,0.6334828781900405,-1.319824100526461
0.708,0.729,-6.433,110.138,0.599,1,0.9362116040148525,0.5405982257725898
0.407,0.896,-2.935,138.697,0.156,0,0.345169556576391,-2.1329748682424112
0.547,0.56,-6.32,83.337,0.472,1,-0.07526957574199446,0.49519819283605393
0.864,0.586,-5.098,131.961,0.331,1,0.711428614852726,0.3570855810954448
0.804,0.745,-5.805,95.024,0.512,1,1.0944850877725247,0.8557512464851598
0.5,0.85,-7.759,76.976,0.434,1,0.2120413910634757,0.03297354711296652
0.679,0.61,-10.936,123.978,0.554,1,-0.03318204851843018,0.6865046345696132
0.749,0.487,-10.473,85.959,0.756,1,0.19418952073748164,2.0023263496614314
0.43,0.186,-19.105,127.539,0.307,0,-3.046016554317566,0.7178728230161591
0.747,0.72,-5.031,160.034,0.432,1,0.9826023530693689,-0.49161280522308537
0.733,0.859,-5.087,170.047,0.845,1,2.0016463053552025,-0.20215902811291325
0.65,0.617,-9.075,89.171,0.621,1,0.20970597012822526,1.1001886510313905
0.476,0.736,-5.38,129.084,0.251,0,-0.02380847774137705,-1.166662065679987
0.367,0.824,-6.763,89.946,0.253,0,-0.31981754861045586,-0.9293597108720247
0.417,0.163,-14.445,122.61,0.216,0,-2.6983176292490856,0.28182873843339623
0.67,0.672,-11.433,130.489,0.272,0,-0.460093137756896,0.015331627031684468
0.678,0.752,-4.242,167.822,0.662,1,1.415275430826782,-0.5471708481340591
0.472,0.671,-4.649,82.952,0.0681,0,-0.4909175568725569,-0.7251681386125162
0.558,0.625,-5.253,171.934,0.293,0,0.08035584514301347,-1.3398490357820068
0.678,0.698,-4.57,192.005,0.812,1,1.557363153665737,-0.5578555438343694
0.381,0.285,-9.147,123.469,0.327,0,-1.6274636372159959,-0.24926814592772725
0.63,0.758,-7.344,104.257,0.918,1,1.2545442832033673,0.9552565639086195
0.249,0.102,-17.716,71.883,0.2,0,-3.7636134867138105,0.8625207834352285
0.371,0.905,-6.804,109.839,0.0397,0,-0.4703678408997755,-1.7156424596664224
0.445,0.436,-8.536,139.848,0.483,0,-0.755300344909882,-0.3225217574958547
0.786,0.667,-8.272,102.046,0.688,1,0.8805673237634055,1.3004244707772743
0.67,0.706,-6.371,165.995,0.829,1,1.3087293555469504,-0.02479230889615122
0.678,0.727,-6.534,143.003,0.453,1,0.652615099178737,-0.30388281538067236
0.498,0.99,-5.278,130.037,0.0977,0,0.3495021750631203,-1.783179228268674
0.367,0.189,-15.736,156.643,0.177,0,-2.9273614158040693,-0.4150280355493603
0.756,0.804,-4.101,84.953,0.849,1,1.9099476475639912,1.2148959645793438
0.707,0.904,-4.091,86.708,0.823,1,1.982952530735888,0.8308033172840723
0.442,0.395,-4.315,138.027,0.113,0,-0.9658299259455237,-1.1900217200605376
0.606,0.67,-6.009,169.977,0.526,1,0.6014309731256069,-0.775083605657242
0.637,0.56,-9.319,89.51,0.732,1,0.21437445735056834,1.3521111147500269
0.829,0.788,-8.09,125.017,0.929,1,1.7421693050156983,1.2835707277818855
0.645,0.792,-7.34,90.565,0.666,1,0.8999090476857454,0.7315969792826843
0.44,0.755,-5.982,88.907,0.91,1,0.9431059202940238,0.4866365791858869
0.542,0.246,-15.471,76.237,0.72,0,-1.5526996173297911,2.202952031688142
0.897,0.761,-6.387,114.001,0.815,1,1.836336598384915,1.3874844870553014
0.378,0.167,-10.923,176.731,0.306,0,-2.071246532575413,-0.8034118689895483
0.499,0.873,-5.795,186.123,0.58,1,0.9672354775816262,-1.6069436469301879
0.812,0.855,-3.725,90.04,0.573,1,1.7279170133091943,0.7311561936362054
0.837,0.569,-8.554,135.022,0.614,1,0.6689182085909164,0.9964180253777921
0.673,0.712,-7.858,113.061,0.912,1,1.1885011830388361,1.0542768228815436
0.568,0.356,-8.365,147.916,0.383,0,-0.7925245729154194,-0.11981489743865618
0.136,0.99,-3.845,199.951,0.0359,0,-0.28301437268907914,-4.221561526411424
0.449,0.72,-5.382,138.482,0.114,0,-0.34609352422439205,-1.60609745521878
0.534,0.624,-9.589,121.402,0.687,1,0.06623149680242096,0.37480026271618766
0.24,0.231,-13.889,81.013,0.0384,0,-3.2670358225096874,-0.07755581285215497
0.812,0.855,-3.725,90.04,0.573,1,1.7279170133091943,0.7311561936362054
0.6,0.294,-12.301,86.97,0.342,0,-1.5469274810406692,1.2564552393861557
0.846,0.926,-3.036,109.157,0.886,1,2.6397482650223174,0.9095785168003563
0.743,0.441,-10.273,134.168,0.697,1,0.08497743246709594,1.1891633863817577
0.297,0.989,-3.45,105.011,0.0761,0,0.0357903324390736,-2.197195349715013
0.606,0.601,-5.576,125.961,0.453,1,0.2928640598065722,-0.1375836891204825
0.241,0.369,-9.336,75.54,0.146,0,-2.187649113496701,-0.3686098842117517
0.33,0.97,-4.042,82.862,0.251,1,0.2596497135735824,-1.375274082734263
0.328,0.553,-6.252,159.959,0.322,0,-0.7121524447543183,-1.635384228078446
0.619,0.558,-12.15,195.004,0.514,0,-0.38756312052540043,-0.5024342267937938
0.711,0.33,-12.348,98.988,0.463,0,-0.9814118666218311,1.570347557153998
0.254,0.459,-7.836,128.237,0.138,0,-1.6796787843035077,-1.418508202321663
0.387,0.125,-17.28,95.99,0.0698,0,-3.5224062559694227,0.6279780454857987
0.402,0.983,-3.816,103.096,0.363,1,0.7171458362736579,-1.311381440942513
0.603,0.69,-6.725,133.968,0.42,1,0.29703002346352225,-0.3816113917258578
0.463,0.687,-8.177,177.545,0.97,1,0.824911791988954,-0.44625373923827893
0.263,0.759,-7.288,179.904,0.429,0,-0.30342650961063256,-2.21433645273508
0.807,0.606,-8.871,92.988,0.304,1,0.023283228246620265,0.9939196668770259
0.759,0.843,-3.718,105.016,0.56,1,1.583625867706827,0.32788217389785085
0.597,0.892,-5.121,80.009,0.634,1,1.2261855759541975,0.3648277802434308
0.714,0.671,-5.119,169.727,0.641,1,1.1682349003029522,-0.3053826971630193
0.65,0.282,-14.003,81.223,0.641,1,-1.163191313217149,2.160920232379747
0.651,0.669,-7.285,138.04,0.759,1,0.8902854082763444,0.3595146923137977
0.43,0.703,-5.52,149.873,0.328,0,-0.050114339942776746,-1.4406724214043471
0.668,0.522,-7.42,107.979,0.718,1,0.4521316292809108,1.053753204543363
0.73,0.403,-10.146,124.899,0.502,1,-0.37388657995629615,1.010503558045485
0.426,0.842,-6.238,157.86,0.366,0,0.24521008604363387,-1.6780311663413667
0.523,0.687,-5.601,90.036,0.711,1,0.6816808063296679,0.4682534236027344
0.224,0.32,-13.896,180.049,0.0828,0,-2.846185199631596,-1.7352318176857708
0.71,0.767,-8.745,89.873,0.593,1,0.6831203384937569,0.9675716508552816
0.468,0.867,-6.239,83.884,0.834,1,1.086538710094623,0.3655194753480525
0.661,0.937,-5.157,105.549,0.805,1,1.8173773178808938,0.39093374775537193
0.404,0.0182,-20.969,109.107,0.114,0,-4.098320401706431,1.0006150016349016
0.689,0.719,-6.096,130.0,0.674,1,1.0804336025180772,0.2897802245282718
0.333,0.538,-8.653,149.377,0.63,0,-0.5216198402017166,-0.7235914225715453
0.661,0.576,-6.025,123.425,0.924,1,1.1271535145284584,0.9516083762085374
0.455,0.389,-9.323,174.444,0.449,0,-0.9373466893109043,-0.7543654045494208
0.594,0.787,-6.287,81.073,0.682,1,0.9172292253989498,0.6750128779605647
0.855,0.733,-6.693,166.033,0.348,1,0.9109524856014188,-0.284420795722708
0.643,0.905,-8.215,90.059,0.892,1,1.435241836724513,1.0066291271813532
0.433,0.483,-9.422,68.492,0.717,1,-0.5080273490909891,1.1439153127128072
0.559,0.975,-4.487,105.024,0.0762,1,0.47475380060146066,-1.2751123467685839
0.44,0.838,-6.196,138.908,0.619,1,0.6835977568166318,-0.9039697801834566
0.598,0.808,-5.209,128.025,0.288,1,0.5058135117575117,-0.8312545226831156
0.749,0.815,-6.381,102.218,0.866,1,1.6869494197941488,1.108339000197997
0.51,0.861,-4.658,96.497,0.507,1,0.8216284697078434,-0.36766850265764317
0.609,0.539,-8.087,99.995,0.413,1,-0.28052332942932123,0.4964210903229972
0.668,0.575,-6.34,134.037,0.619,1,0.5844472487501398,0.31319545510916447
0.612,0.904,-6.222,95.046,0.744,1,1.366758716000284,0.4297284552096237
0.916,0.547,-12.566,114.914,0.973,1,0.8795012301221387,2.5088195740516777
0.568,0.907,-4.641,112.037,0.337,1,0.7916157316498851,-0.7920327653140367
0.807,0.606,-8.871,92.988,0.304,1,0.023283228246620265,0.9939196668770259
0.337,0.264,-15.015,90.013,0.145,0,-2.909880026898919,0.30140880230940537
0.226,0.599,-6.847,95.328,0.0653,0,-1.4861753416132508,-1.413705293182748
0.534,0.487,-11.201,112.989,0.237,0,-1.2567948481875326,0.07663207680492488
0.584,0.7,-4.251,163.953,0.549,1,0.8741401254874821,-0.8915692143667324
0.704,0.691,-5.414,143.982,0.427,1,0.7307499113720483,-0.3099874573998095
0.286,0.35,-8.427,129.796,0.0871,0,-2.015889028396282,-1.2123247470377814
0.191,0.0485,-22.198,72.375,0.0707,0,-4.820396387233578,0.8765667883181305
0.791,0.534,-13.261,127.488,0.963,1,0.4778037842645667,1.977142123821582
0.458,0.876,-3.638,97.972,0.664,1,1.145043607052687,-0.38677271729557783
0.659,0.864,-5.427,165.848,0.901,1,1.889517576596652,-0.25530568601882936
0.109,0.854,-6.758,79.958,0.134,0,-1.0724113427303201,-1.8334341010133999
0.532,0.842,-6.152,126.042,0.715,1,1.0556025159874496,-0.2608967277591495
0.575,0.75,-6.476,156.093,0.754,1,1.0267806386429292,-0.3578800992475979
0.582,0.397,-10.582,170.031,0.531,0,-0.652273158491693,-0.06474223571124446
0.586,0.556,-7.639,167.018,0.517,1,0.0659875966816078,-0.5033909891690161
0.397,0.884,-7.859,135.16,0.528,1,0.30894520352182003,-1.0823149029233832
0.816,0.776,-4.405,94.996,0.704,1,1.7092274332714839,1.066362929835551
0.757,0.571,-4.547,159.933,0.538,1,0.9152694134551619,-0.07906824311454287
0.683,0.975,-3.48,103.026,0.745,1,2.05989830860707,0.20970849452763943
0.501,0.59,-14.044,145.114,0.944,1,-0.16539936344252845,0.7317364581222101
0.742,0.943,-3.726,130.02,0.881,1,2.3789345753805486,0.27533231827991383
0.616,0.706,-6.846,89.995,0.655,1,0.6808917479835604,0.7292319979158585
0.475,0.957,-5.193,92.499,0.24,1,0.41451038374926186,-0.9818470462395938
0.705,0.562,-3.378,163.893,0.569,1,0.9866797749603597,-0.32527267283847167
0.593,0.289,-11.049,77.119,0.733,1,-0.7452160292744868,1.9682323171745337
0.437,0.565,-5.596,115.389,0.306,0,-0.457928110490354,-0.6951352090725519
0.634,0.775,-6.943,84.972,0.653,1,0.8540413471047623,0.7588519165665153
0.316,0.887,-9.173,135.777,0.627,1,0.13520119110254059,-1.0821030156271865
0.885,0.806,-6.408,110.943,0.748,1,1.785087692180774,1.2136753391415265
0.683,0.643,-7.425,107.027,0.771,1,0.8521345173297757,1.0152533730556312
0.705,0.637,-7.367,127.656,0.819,1,1.0180876323355916,0.8497753993358388
0.807,0.803,-4.156,91.982,0.706,1,1.7798576628022018,1.0269940374787743
0.532,0.495,-6.662,124.936,0.308,0,-0.5141615011852607,-0.3512615736147183
0.465,0.844,-4.352,170.358,0.155,0,0.23408689078341136,-2.2566435029583385
0.819,0.645,-6.707,94.998,0.724,1,1.1581059618758136,1.4912970804716243
0.132,0.417,-8.597,80.137,0.0717,0,-2.357008333636947,-1.0406008782624907
0.477,0.0489,-17.039,200.082,0.356,0,-2.766927399799142,-0.12148392139096056
0.565,0.403,-12.425,109.62,0.48,0,-1.1129488551397246,0.8664519002628338
0.348,0.924,-4.735,75.011,0.214,0,0.028574475503807092,-1.1344459676623662
0.572,0.695,-6.231,111.461,0.807,1,0.9389574313680938,0.48694714551877294
0.423,0.468,-11.395,161.328,0.178,0,-1.5970127880990284,-1.080548235744138
0.467,0.529,-8.825,87.949,0.177,0,-1.161109030804597,-0.09205122009510486
0.491,0.556,-6.023,100.008,0.413,1,-0.2487313460913574,-0.05700454001167384
0.518,0.291,-15.711,108.448,0.25,0,-2.3033558191530825,0.7708715784627458
0.644,0.848,-5.385,162.151,0.928,1,1.8647269653824803,-0.17655587344810103
0.556,0.622,-9.179,119.995,0.177,0,-0.7324999416204511,-0.4324797318143069
0.2,0.166,-16.184,84.683,0.116,0,-3.6587644569268924,0.14889061707701443
0.513,0.988,-3.453,144.965,0.375,1,1.1274603757348787,-1.6307195917150792
0.52,0.935,-6.341,117.515,0.0729,0,0.07267440619622204,-1.3939487593633582
0.573,0.7,-6.661,87.508,0.317,1,-0.005705202481651266,0.0518689087946069
0.58,0.636,-6.649,105.037,0.38,1,0.008792889521812314,0.008390111850586548
0.593,0.823,-4.289,132.697,0.953,1,1.8219482111294563,0.12160880016042042
0.187,0.0367,-24.026,92.19,0.037,0,-5.114585877523557,0.6549362276706496
0.333,0.959,-4.348,137.052,0.242,0,0.2842066249928109,-2.1850507572229967
0.728,0.944,-5.299,105.017,0.473,1,1.3858393739780515,0.04245313938010176
0.267,0.157,-19.348,103.273,0.06,0,-3.9959096365773106,0.22771264679174788
0.904,0.817,-3.956,101.988,0.753,1,2.1613816106954546,1.218113113687966
0.532,0.842,-6.152,126.042,0.715,1,1.0556025159874496,-0.2608967277591495
0.805,0.583,-7.009,144.011,0.576,1,0.7749161037823862,0.5519779324795165
0.513,0.906,-3.673,173.0,0.73,1,1.5865335632092847,-1.315558324328727
0.653,0.964,-4.261,126.928,0.87,1,2.1279501012782074,0.03307774374795137
0.67,0.706,-6.371,165.995,0.829,1,1.3087293555469504,-0.02479230889615122
0.47,0.941,-3.242,106.974,0.696,1,1.44355537403106,-0.567525882311812
0.685,0.909,-4.034,95.004,0.922,1,2.1396277777217003,0.7892754357972257
0.808,0.587,-10.522,92.046,0.791,1,0.623347038870109,1.9978895980235574
0.699,0.299,-12.599,118.969,0.459,0,-1.0826882388105326,1.2825556454761042
0.118,0.627,-7.689,187.497,0.487,0,-0.8733457946501216,-2.449327537833554
0.666,0.828,-5.896,97.992,0.69,1,1.271014660101262,0.5563500620640389
0.489,0.929,-5.566,92.816,0.59,1,0.9500702135261645,-0.27314610789292626
0.545,0.844,-6.648,160.115,0.683,1,1.031685491189977,-0.7712453293412129
0.798,0.625,-6.83,92.994,0.774,1,1.13263068080998,1.582926992826308
0.199,0.149,-18.329,83.489,0.0681,0,-4.061365381546959,0.2720380628605203
0.21,0.943,-7.656,164.844,0.13,0,-0.6068351183705197,-2.9188787554585054
0.388,0.708,-7.456,105.823,0.655,1,0.11024476760941296,-0.18914702328316935
0.565,0.403,-12.425,109.62,0.48,0,-1.1129488551397246,0.8664519002628338
0.604,0.98,-2.42,120.095,0.518,1,1.6577586847195627,-0.7795225244427917
0.652,0.583,-7.811,138.134,0.744,1,0.6035799760256225,0.5113305345741659
0.424,0.079,-16.861,167.449,0.155,0,-3.2094230095443135,-0.1831904581758405
0.513,0.906,-3.673,173.0,0.73,1,1.5865335632092847,-1.315558324328727
0.452,0.703,-6.523,172.039,0.813,1,0.7628693710123016,-0.813475682654676
0.772,0.809,-3.994,97.407,0.654,1,1.652164104151484,0.7222412217019782
0.583,0.269,-9.519,180.214,0.366,0,-1.0753310185144498,-0.3801541016185229
0.602,0.573,-7.388,174.048,0.319,0,-0.1610963202562376,-0.9465203284457097
0.685,0.909,-4.034,95.004,0.922,1,2.1396277777217003,0.7892754357972257
0.876,0.498,-7.511,122.016,0.428,1,0.38163326098305256,1.0370963999761622
0.575,0.306,-10.536,82.011,0.338,0,-1.3665717550268435,1.095805788902188
0.714,0.393,-10.157,67.589,0.72,1,-0.15565196775133874,2.2419811014094586
0.458,0.0987,-16.021,139.987,0.349,0,-2.687526672505597,0.5875789652700735
0.488,0.713,-5.085,97.592,0.424,1,0.2363091323145215,-0.3291369381178109
0.383,0.635,-6.331,95.112,0.4,0,-0.38939228431742,-0.442972069612532
0.499,0.819,-12.636,95.007,0.475,1,-0.3825384387198252,0.23741338587937744
0.506,0.946,-4.173,91.111,0.651,1,1.31072480078756,-0.2216160554476681
0.626,0.749,-6.105,75.79,0.921,1,1.3379419131330335,1.311735745780028
0.713,0.886,-7.75,97.983,0.9,1,1.6414443504308107,1.1110488329180703
0.823,0.694,-9.186,159.948,0.657,1,0.9597701078572727,0.4878972656125937
0.412,0.994,-3.362,92.999,0.044,0,0.24545294334258566,-1.7188259043498428
0.374,0.474,-10.08,115.134,0.144,0,-1.6703831796551114,-0.6815231076807731
0.7,0.803,-5.819,147.091,0.342,1,0.7803062713937982,-0.6622846148331718
0.699,0.529,-7.548,119.987,0.121,0,-0.5030026575407968,-0.05625027376621796
0.297,0.929,-3.547,124.959,0.252,0,0.2317344474209667,-2.1057198622396482
0.521,0.35,-9.92,112.02,0.475,0,-1.0174366767183622,0.5764799750844734
0.543,0.969,-7.0,107.523,0.0625,0,0.0819842322674722,-1.1876695850818035
0.857,0.851,-4.885,82.986,0.675,1,1.8398331629809228,1.2504352975467066
0.627,0.858,-2.824,92.523,0.342,1,1.023233669803713,-0.3547358581638148
0.576,0.741,-6.095,94.995,0.271,1,0.09978233521394196,-0.24155641397209499
0.714,0.628,-5.642,103.925,0.171,1,0.059952416282069716,0.025514935415200432
0.716,0.638,-8.76,90.987,0.575,1,0.37248627167537773,1.1432650116706875
0.43,0.805,-7.936,150.049,0.388,0,-0.023145224353507705,-1.3190986291973736
0.806,0.932,-2.228,106.021,0.792,1,2.4943535232460636,0.6019235759574804
0.666,0.568,-6.98,142.021,0.562,1,0.3961154983822126,0.14481368263993855
0.173,0.694,-6.549,116.088,0.351,0,-0.8154800999727525,-1.5885156188851508
0.331,0.55,-6.483,177.734,0.429,0,-0.5218913408504273,-1.6981195150858792
0.454,0.782,-7.52,78.987,0.743,1,0.528203358231648,0.47402779281928126
0.674,0.58,-8.081,128.003,0.305,1,-0.17588611809053556,0.014255879758540145
0.469,0.414,-10.497,94.878,0.358,0,-1.3022588583666865,0.4235184850954778
0.729,0.737,-3.727,91.99,0.369,1,0.913941330479145,0.2790386481547432
0.415,0.781,-6.947,142.966,0.261,0,-0.220844280133937,-1.5095005611380052
0.48,0.542,-8.51,152.853,0.567,0,-0.2597238727525762,-0.44154885138819344
0.598,0.674,-3.653,72.205,0.803,1,1.2044587153528943,1.0111377362893244
0.376,0.932,-5.342,163.956,0.319,0,0.377962582061729,-2.2200790676550715
0.276,0.976,-3.863,130.074,0.137,0,0.05690454937760263,-2.497809255060854
0.292,0.714,-4.919,151.412,0.462,0,-0.028015000182757047,-1.731570655231414
0.333,0.483,-8.261,75.096,0.107,0,-1.6479424698309308,-0.40139402591570933
0.727,0.526,-6.307,105.086,0.681,1,0.6699630761601151,1.1300024446414416
0.838,0.649,-6.639,120.032,0.454,1,0.7910224308100058,0.6885801616658406
0.683,0.511,-5.598,109.991,0.598,1,0.4887502593772724,0.7439641289110327
0.614,0.868,-3.968,95.008,0.615,1,1.352636732251442,0.10252982771225412
0.485,0.776,-5.258,174.075,0.866,1,1.2638352394495567,-0.8625067348341677
0.609,0.904,-6.029,165.96,0.915,1,1.8125963252026682,-0.4074970001130749
0.642,0.562,-9.304,149.82,0.671,1,0.23406839514750916,0.31964298405893127
0.898,0.677,-6.422,130.027,0.578,1,1.256370592779826,0.871855140856068
0.56,0.634,-8.803,94.024,0.465,1,-0.18916062977516906,0.42873367593506007
0.397,0.684,-10.014,63.047,0.87,1,0.048133047130134096,1.1042587797255532
0.815,0.403,-9.278,97.017,0.622,1,0.09376859949790606,1.8504399564282905
0.575,0.902,-3.092,130.024,0.601,1,1.4910561447737323,-0.7093590347679206
0.53,0.72,-8.793,80.652,0.69,1,0.309037617823406,0.7903466430730671
0.632,0.695,-11.998,94.214,0.637,1,0.007141490165935465,1.0907518084469472
0.359,0.573,-6.054,73.368,0.562,1,-0.30483620976490744,0.17400700214747944
0.303,0.969,-2.466,109.384,0.163,0,0.29095689737878255,-2.1412089569809947
0.194,0.101,-19.646,85.104,0.0647,0,-4.354086803576785,0.4010414038387576
0.488,0.175,-16.332,109.192,0.192,0,-2.816114259784292,0.796593423153562
0.51,0.146,-19.585,159.034,0.498,0,-2.622172545188394,0.9034250780551438
0.428,0.146,-14.043,124.588,0.227,0,-2.63707757761673,0.3006595819180514
0.252,0.972,-3.58,110.492,0.157,0,0.02864865910634508,-2.2489225595858784
0.663,0.896,-4.23,155.947,0.955,1,2.202044674553482,-0.13761294481101258
0.654,0.934,-4.67,135.991,0.656,1,1.6503911133813098,-0.39178310516082826
0.381,0.897,-4.74,183.847,0.551,1,0.8303208710078416,-2.108782564185726
0.508,0.0901,-22.456,70.198,0.11,0,-3.9635402912940645,1.9252159495628516
0.511,0.512,-10.478,104.493,0.823,1,-0.14711166908527346,1.0425712164513732
0.439,0.739,-7.746,138.986,0.308,0,-0.2882303220810386,-1.1651289147113815
0.38,0.0993,-20.567,174.874,0.44,0,-3.227128048644986,0.2982689227266475
0.504,0.548,-6.559,162.997,0.279,0,-0.4273532934815374,-1.1731471107377844
0.596,0.525,-13.626,75.032,0.729,1,-0.5440965980239902,1.825745553647075
0.619,0.741,-6.244,152.04,0.636,1,0.9231404866269249,-0.36149683735287713
0.483,0.913,-4.305,103.108,0.279,1,0.534638381273787,-1.053302039955618
0.332,0.179,-11.83,96.529,0.315,0,-2.395307573189409,0.3672198496861421
0.634,0.939,-2.638,124.974,0.638,1,1.825169227861069,-0.47542419865263935
0.632,0.946,-2.784,125.061,0.324,1,1.2668225908230661,-1.0188567468229035
0.799,0.818,-4.628,175.998,0.951,1,2.3163229232712474,0.12290581083947971
0.752,0.481,-9.203,135.671,0.393,1,-0.19680934572804182,0.5309253085222463
0.496,0.863,-4.153,110.018,0.243,1,0.41985135804391777,-1.1141672244689673
0.489,0.387,-11.834,172.135,0.42,0,-1.24107856244808,-0.4678261736754178
0.282,0.92,-5.862,174.958,0.254,0,-0.026909147855756207,-2.7387661972298334
0.683,0.511,-5.598,109.991,0.598,1,0.4887502593772724,0.7439641289110327
0.255,0.127,-14.78,95.953,0.0388,0,-3.555437395271238,-0.03080046858546139
0.75,0.718,-6.144,138.067,0.877,1,1.5833559970913207,0.7069409397277143
0.669,0.747,-6.609,144.158,0.815,1,1.3050226993957221,0.2417057095752111
0.296,0.563,-5.58,167.412,0.267,0,-0.7599588466366207,-2.0124206011564865
0.627,0.959,-4.744,109.981,0.397,1,1.1340208990048002,-0.5469922822827986
0.78,0.482,-7.832,99.608,0.279,1,-0.21903239102854002,0.8806381631276634
0.617,0.94,-5.538,137.009,0.057,1,0.4179268947741698,-1.4894826265971
0.359,0.87,-11.567,186.046,0.264,0,-0.6581586920443196,-2.1417288387205793
0.555,0.844,-6.567,105.193,0.464,1,0.5817692065879563,-0.2639347329801389
0.812,0.624,-14.324,124.089,0.693,1,0.1141087018428006,1.573572195041211
0.318,0.657,-11.829,177.477,0.753,0,-0.4273015687095337,-0.9459208036740915
0.646,0.57,-8.964,93.989,0.473,1,-0.1430295778905851,0.825873579417192
0.474,0.765,-6.579,106.993,0.767,1,0.7491534064425954,0.09684029561461995
0.828,0.697,-8.831,101.983,0.651,1,0.9086423282213713,1.3649080703011154
0.696,0.146,-24.519,145.029,0.0838,0,-3.579363846375926,1.3719097693139852
0.3,0.898,-11.527,76.495,0.214,0,-1.010682709749977,-0.7522591830610871
0.58,0.832,-6.696,195.864,0.843,1,1.424170618260688,-0.9229375182899531
0.638,0.658,-8.468,100.04,0.586,1,0.3112964613603117,0.7227008323637942
0.451,0.845,-5.986,144.536,0.414,1,0.4022044840589403,-1.333966511745049
0.819,0.513,-9.005,140.032,0.607,1,0.43909521920687206,0.9726321365348842
0.724,0.767,-10.403,75.986,0.945,1,1.0951343619561513,1.954154733521636
0.428,0.442,-14.255,83.995,0.135,0,-2.226749710787536,0.32458174823712593
0.58,0.846,-3.464,89.952,0.774,1,1.5589686586009561,0.3426015803040067
0.477,0.74,-5.397,107.384,0.56,1,0.4885327918953932,-0.303148091473603
0.713,0.657,-4.088,125.012,0.813,1,1.487758276363433,0.6257250417379989
0.59,0.671,-6.098,149.982,0.438,1,0.364914766176047,-0.6586807325718858
0.438,0.985,-5.571,105.993,0.583,1,0.9705574923845843,-0.7384095445310265
0.699,0.709,-6.868,137.035,0.724,1,1.0820525208399219,0.37113620534785363
0.728,0.379,-10.252,132.024,0.384,0,-0.6408427685545695,0.7378079908128143
0.773,0.366,-11.327,147.948,0.509,1,-0.4566512485777399,0.9460673111950056
0.708,0.316,-9.507,81.403,0.652,1,-0.3552880521630551,1.9642843875518554
0.776,0.629,-6.09,97.066,0.104,1,0.017609735678289586,0.24481324283261768
0.56,0.473,-7.23,109.414,0.441,1,-0.36713504398115054,0.2831442461871044
0.519,0.924,-2.392,119.969,0.883,1,1.9786260265735665,-0.3348511105581552
0.472,0.648,-8.886,85.305,0.542,1,-0.2514031609388863,0.4042643877001606
0.376,0.845,-5.681,176.046,0.732,1,0.883430120919243,-1.5405716147244128
0.775,0.828,-3.972,79.992,0.571,1,1.5279900533561313,0.8296902259983615
0.515,0.698,-5.572,139.96,0.194,0,-0.1253115826182741,-1.2365371923927098
0.305,0.462,-9.57,113.468,0.181,0,-1.7292088159502095,-0.828440744293385
0.499,0.634,-7.84,139.483,0.42,0,-0.20304718672542585,-0.6206240413553147
0.661,0.576,-6.025,123.425,0.924,1,1.1271535145284584,0.9516083762085374
0.647,0.45,-12.358,94.962,0.339,0,-1.0825269171367113,1.0319959677392887
0.703,0.327,-13.647,132.006,0.274,0,-1.4456251676249272,0.8114482207561692
0.503,0.582,-4.324,77.321,0.326,1,-0.13742292324600033,0.01583603127888438
0.542,0.607,-8.112,164.859,0.853,1,0.6054253964096233,-0.07907825034536413
0.459,0.89,-3.246,115.654,0.447,1,0.8805548063878718,-1.0812768552202552
0.422,0.986,-3.817,143.969,0.306,1,0.7435911053976807,-1.987494962961007
0.807,0.606,-8.871,92.988,0.304,1,0.023283228246620265,0.9939196668770259
0.545,0.861,-4.819,105.017,0.279,1,0.49684810851122063,-0.7675570372456378
0.646,0.645,-6.775,121.999,0.687,1,0.734479515960468,0.4702009299828238
0.564,0.407,-10.764,150.261,0.524,0,-0.7423498580968664,0.17293097202294871
0.226,0.303,-10.866,66.727,0.094,0,-2.675739037692265,-0.1468174126679381
0.563,0.724,-4.651,93.006,0.486,1,0.590387503037997,0.032985790980417415
0.572,0.634,-10.599,168.136,0.432,0,-0.31643476891843725,-0.608670373449848
0.528,0.976,-5.157,133.01,0.243,1,0.662727842588683,-1.474559697607227
0.252,0.972,-3.58,110.492,0.157,0,0.02864865910634508,-2.2489225595858784
0.738,0.499,-14.344,88.916,0.806,1,-0.20797207407371698,2.281479490038665
0.768,0.828,-3.371,90.982,0.827,1,2.0581186818263104,1.0277908854103261
0.782,0.697,-5.85,76.031,0.416,1,0.72628406333737,0.9981641026527843
0.608,0.565,-11.06,109.286,0.835,1,0.15172742115754276,1.252838042756045
0.798,0.625,-6.83,92.994,0.774,1,1.13263068080998,1.582926992826308
0.596,0.259,-12.273,94.736,0.438,0,-1.4495574333800776,1.3398968187632625
0.694,0.771,-8.313,159.878,0.766,1,1.1406502166143409,0.0827341379606001
0.488,0.732,-5.514,138.023,0.378,1,0.21654295458296993,-1.0351404705384728
0.654,0.934,-4.67,135.991,0.656,1,1.6503911133813098,-0.39178310516082826
0.725,0.703,-4.948,82.051,0.561,1,0.9897212038156802,0.8952490148349427
0.867,0.899,-5.192,109.301,0.715,1,2.050104057370953,0.8874255125280722
0.578,0.811,-7.044,88.852,0.92,1,1.269338752061573,0.9292093990054537
0.371,0.961,-6.765,115.336,0.159,0,-0.11891232733930236,-1.6891585400884963
0.695,0.711,-6.841,109.974,0.494,1,0.6284183271749811,0.38258371434059174
0.57,0.959,-2.872,119.966,0.417,1,1.2961932924257784,-0.989020407340064
0.802,0.771,-3.058,91.993,0.794,1,1.991130338992451,1.128660693948836
0.768,0.618,-6.043,81.014,0.707,1,1.0094945409687275,1.5126359046653957
0.604,0.704,-6.564,80.93,0.399,1,0.21931145796719378,0.3778116934718258
0.745,0.438,-7.018,119.99,0.0409,0,-0.6761566949930022,0.054851359398617835
0.516,0.798,-6.313,175.828,0.791,1,1.1212829078401494,-0.8754218873526645
0.678,0.518,-7.79,88.003,0.784,1,0.49837545566339814,1.5433550446247146
0.661,0.677,-6.467,174.068,0.959,1,1.452498929570347,0.09612469353713272
0.689,0.705,-3.224,89.109,0.456,1,0.9611778151583859,0.3594230937180385
0.345,0.423,-6.962,119.634,0.15,0,-1.4339470938134362,-0.9880347473882252
0.695,0.818,-5.379,119.965,0.916,1,1.8177597497168514,0.66715134561455
0.683,0.511,-5.598,109.991,0.598,1,0.4887502593772724,0.7439641289110327
0.64,0.861,-6.697,122.598,0.796,1,1.4135638410071678,0.28086424790889775
0.346,0.0578,-22.644,97.259,0.422,0,-3.838011244185106,1.5933343966805862
0.644,0.776,-7.017,132.334,0.912,1,1.4097782535707724,0.498190599796768
0.479,0.541,-9.862,85.994,0.3,0,-1.0270563682466414,0.24554821228322554
0.602,0.683,-9.096,123.494,0.148,0,-0.5218948611937572,-0.49494027758810777
0.535,0.285,-14.143,92.033,0.206,0,-2.18324953797698,0.8955197656322423
0.612,0.749,-5.014,120.052,0.574,1,0.916657377690183,-0.09665268202264168
0.757,0.587,-6.346,136.9,0.601,1,0.7895889129574639,0.4983913067925578
0.584,0.803,-4.953,108.049,0.339,1,0.5485542027160327,-0.48835235757985235
0.581,0.28,-9.091,137.831,0.813,1,-0.2919748344020211,0.9869394290733433
0.853,0.777,-4.025,94.023,0.555,1,1.5823256145375764,0.9128929380820083
0.401,0.619,-7.035,78.763,0.757,1,0.12235853716907172,0.5560297611116375
